region,region_name,model,train_rows,val_rows,test_rows,test_months,best_iteration,selected_calibration,climatology_bs,raw_bs,raw_bss,raw_bss_ci_low,raw_bss_ci_high,selected_bs,selected_bss,selected_bss_ci_low,selected_bss_ci_high,pixel_dry_roc_auc_raw,scores_path
cvalley,California Central Valley,spatial,2085540,327144,429378,63,56,isotonic,0.0642783915033546,0.0768977159702403,-0.1963229659570295,-1.0057946727074532,0.1692944677139439,0.0659779185254207,-0.0264400988001913,-0.12448747003432,0.0470407181338282,0.6800733142691606,/Users/ishtisdream/chirps-drought-classifier/outputs/multiregion/cvalley/spatial_scores.txt
cvalley,California Central Valley,tabular,2085540,327144,429378,63,67,isotonic,0.0642783915033546,0.0782686462172779,-0.2176509770502446,-0.9743656210682272,0.1129708083709062,0.0681640553289958,-0.0604505454284494,-0.2072471386127067,0.0242254670518961,0.6702245752456955,/Users/ishtisdream/chirps-drought-classifier/outputs/multiregion/cvalley/tabular_scores.txt
southern_great_plains,Southern Great Plains,spatial,7558200,1185600,1556100,63,355,isotonic,0.0477214390856399,0.0660042306705803,-0.3831148417827563,-1.111391561254575,0.0077244989029011,0.0516345981285478,-0.0820000217488283,-0.1479039892441277,-0.0018953031791721,0.5103296839014559,/Users/ishtisdream/chirps-drought-classifier/outputs/multiregion/southern_great_plains/spatial_scores.txt
southern_great_plains,Southern Great Plains,tabular,7558200,1185600,1556100,63,368,isotonic,0.0477214390856399,0.0675003982907554,-0.41446694785588,-1.208432842075027,-0.0019611376573654,0.0516431867664616,-0.0821799961602964,-0.1444997832160732,-0.0006627151677277,0.5203674229642155,/Users/ishtisdream/chirps-drought-classifier/outputs/multiregion/southern_great_plains/tabular_scores.txt
