component,explained_variance_ratio,cumulative_explained_variance_ratio
1,0.2233983631800586,0.2233983631800586
2,0.203457901508637,0.4268562646886956
3,0.0976338966533708,0.5244901613420665
