component,explained_variance_ratio,cumulative_explained_variance_ratio
1,0.2233983631800586,0.2233983631800586
2,0.20345790150863707,0.42685626468869564
3,0.09763389665337087,0.5244901613420665
