zone,n_pixels,pixel_fraction
0,4227,0.2176173805601318
1,5779,0.2975185337726524
2,5375,0.2767195222405272
3,4043,0.20814456342668863
