zone,n_runs,mean_duration_months,median_duration_months,max_duration_months,mean_severity_threshold_deficit,median_severity_threshold_deficit,max_severity_threshold_deficit,mean_intensity,median_intensity,min_spi12_during_runs
0,9,7.888888888888889,7.0,29,4.270856075816685,2.6544982194900513,21.78771722316742,0.30784435738164684,0.2949442466100057,-2.573452949523926
1,8,6.5,4.0,17,4.366883650422096,1.1890374422073364,20.61140477657318,0.36599949432187384,0.26849267880121863,-3.221792459487915
2,10,5.6,3.0,13,2.7977610349655153,0.8451105356216431,8.861813187599182,0.33390350891715714,0.3114773193995158,-2.31816029548645
3,14,4.0,3.0,15,1.571004569530487,0.6233718395233154,11.429574489593506,0.2240277079599244,0.18949616849422454,-2.6657683849334717
