component,explained_variance_ratio,cumulative_explained_variance_ratio
1,0.2757129380975757,0.2757129380975757
2,0.1767434667530874,0.4524564048506631
3,0.13545033133363493,0.587906736184298
