zone,n_pixels,pixel_fraction
0,1980,0.2904929577464789
1,2158,0.31660798122065725
2,972,0.1426056338028169
3,1706,0.25029342723004694
