component,explained_variance_ratio,cumulative_explained_variance_ratio
1,0.40536315017242447,0.40536315017242447
2,0.15420362048542963,0.5595667706578541
3,0.06568089998104171,0.6252476706388959
