component,explained_variance_ratio,cumulative_explained_variance_ratio
1,0.4053631501724244,0.4053631501724244
2,0.1542036204854296,0.5595667706578541
3,0.0656808999810417,0.6252476706388959
