zone,n_runs,mean_duration_months,median_duration_months,max_duration_months,mean_severity_threshold_deficit,median_severity_threshold_deficit,max_severity_threshold_deficit,mean_intensity,median_intensity,min_spi12_during_runs
0,15,4.866666666666666,1.0,20,2.412735589345296,0.5209430456161499,14.078373670578003,0.333245549845317,0.439713716506958,-3.0885350704193115
1,10,7.4,7.0,21,4.956492161750793,2.618927776813507,25.616141200065613,0.4117625881565942,0.32195695903566146,-3.433297872543335
2,15,5.666666666666667,1.0,22,3.293883522351583,0.8449666500091553,13.650562047958374,0.4161307417061995,0.4384094476699829,-2.4823391437530518
3,10,6.2,4.0,20,4.118766117095947,1.6407058238983154,17.372607827186584,0.4569313829220258,0.4201001524925232,-3.4484403133392334
