zone,n_pixels,pixel_fraction
0,588,0.3089858118759853
1,392,0.2059905412506568
2,478,0.2511823436678928
3,445,0.233841303205465
