component,explained_variance_ratio,cumulative_explained_variance_ratio
1,0.2523037415746892,0.2523037415746892
2,0.08631145170630775,0.338615193280997
3,0.08420605056195195,0.42282124384294895
