component,explained_variance_ratio,cumulative_explained_variance_ratio
1,0.2523037415746892,0.2523037415746892
2,0.0863114517063077,0.338615193280997
3,0.0842060505619519,0.4228212438429489
