zone,n_runs,mean_duration_months,median_duration_months,max_duration_months,mean_severity_threshold_deficit,median_severity_threshold_deficit,max_severity_threshold_deficit,mean_intensity,median_intensity,min_spi12_during_runs
0,9,2.5555555555555554,2.0,6,0.6870108842849731,0.15296506881713867,3.508198857307434,0.18521830991462424,0.1350855827331543,-1.610771894454956
1,7,4.571428571428571,2.0,12,1.5147963081087386,0.5756150484085083,4.817351341247559,0.2392347464485774,0.2453931967417399,-1.8441166877746582
2,4,6.25,5.5,13,2.2362433075904846,1.436586320400238,5.88533079624176,0.28616715528261966,0.252740537126859,-1.6756279468536377
3,6,4.833333333333333,2.0,19,1.7464164296785991,0.4425814747810364,8.533072471618652,0.24702402618196273,0.18009169896443683,-1.9229462146759033
