zone,n_pixels,pixel_fraction
0,20626,0.3849786288892622
1,11142,0.207962371913321
2,7113,0.13276219273195589
3,14696,0.27429680646546095
