zone,n_pixels,pixel_fraction
0,20626,0.3849786288892622
1,11142,0.207962371913321
2,7113,0.1327621927319558
3,14696,0.2742968064654609
