component,explained_variance_ratio,cumulative_explained_variance_ratio
1,0.3408591793025298,0.3408591793025298
2,0.1110077765915713,0.4518669558941012
3,0.0981122533242652,0.5499792092183664
