component,explained_variance_ratio,cumulative_explained_variance_ratio
1,0.3408591793025298,0.3408591793025298
2,0.11100777659157139,0.4518669558941012
3,0.09811225332426521,0.5499792092183664
