zone,n_pixels,pixel_fraction
0,8022,0.1987266826863527
1,11373,0.2817400351772487
2,12176,0.3016325216141898
3,8796,0.2179007605222087
