zone,n_runs,mean_duration_months,median_duration_months,max_duration_months,mean_severity_threshold_deficit,median_severity_threshold_deficit,max_severity_threshold_deficit,mean_intensity,median_intensity,min_spi12_during_runs
0,9,5.333333333333333,2.0,14,2.22704980108473,0.6838849782943726,10.27313220500946,0.34926492827279226,0.3346884250640869,-2.5464911460876465
1,13,2.769230769230769,2.0,7,0.7710560743625348,0.08367109298706055,2.6973477602005005,0.1781136581967602,0.08367109298706055,-1.7470825910568237
2,9,4.111111111111111,3.0,14,1.899373173713684,0.30271852016448975,9.187440752983093,0.26160815843829405,0.15891742706298828,-2.16013503074646
3,10,5.8,2.0,25,1.688615655899048,0.26413553953170776,6.6759443283081055,0.20699055622872856,0.19281221866607667,-2.0197701454162598
