component,explained_variance_ratio,cumulative_explained_variance_ratio
1,0.25199856819415517,0.25199856819415517
2,0.19959070781009955,0.4515892760042547
3,0.09728285580194422,0.5488721318061989
