component,explained_variance_ratio,cumulative_explained_variance_ratio
1,0.2519985681941551,0.2519985681941551
2,0.1995907078100995,0.4515892760042547
3,0.0972828558019442,0.5488721318061989
