zone,n_pixels,pixel_fraction
0,3003,0.3315667439549519
1,1938,0.2139781384564425
2,2523,0.2785690626035111
3,1593,0.1758860549850944
