zone,n_runs,mean_duration_months,median_duration_months,max_duration_months,mean_severity_threshold_deficit,median_severity_threshold_deficit,max_severity_threshold_deficit,mean_intensity,median_intensity,min_spi12_during_runs
0,11,4.818181818181818,2.0,11,1.8492698019201106,0.6986042261123657,5.723207354545593,0.2986932805137154,0.3263152837753296,-1.8000773191452026
1,11,4.090909090909091,3.0,12,1.4077713923020796,0.7124272584915161,6.44804847240448,0.2803287494492221,0.25635911737169537,-2.155883312225342
2,13,3.769230769230769,3.0,10,1.3458610222889826,0.726671576499939,5.03480589389801,0.277727173281531,0.242223858833313,-2.3049817085266113
3,15,3.8666666666666667,3.0,11,1.3523484627405802,0.6055912971496582,4.310745120048523,0.3064483118177665,0.29109595038674096,-2.5931127071380615
