zone,n_pixels,pixel_fraction
0,3003,0.33156674395495195
1,1938,0.21397813845644253
2,2523,0.2785690626035111
3,1593,0.1758860549850944
